D&H Item No.,Vendor Part No.,Description,UPC Code,Weight,Price,Est.Retail Price,Any D&H Whs,Atlanta Whs,Vendor Name,Category,Subcategory,Prop65 Warning Type,Prop65 Label Type,Prop65 Warning Text
XO3QBEMIL,T42950,"42"" Wind Curve Tower Fan",046013462527,12.25,63.61,89.99,YES,YES,Lasko Products,Home Environment,Fans,None,None,
XONARSE,T2M08,7780 CS i7 32G 1TB 17 W11,884116455004,10.7,3678.94,6183.11,NO,NO,Dell Commercial,Computers Notebooks,Notebook Workstations,,,
MAG255XF,MAG255XF,MAG 255XF,824142379004,11.3,133.39,159.99,YES,NO,MSI,Monitors,23-26 inch Class,Both,Short,WARNING: Cancer and Reproductive Harm - www.P65Warnings.ca.gov.
XP61ZL,F-PoE-G2,Fiber PoE G2,817882024686,1.2,27.37,29,YES,NO,Ubiquiti Inc,Networking,Power over Ethernet,None,None,
BR1104FGAYS24TS,BR1104FGA-YS24T-S,"11.6"" N200 8G 128G W11P",197105418219,5.35,470.85,569.99,NO,NO,ASUS Notebooks,Computers Notebooks,Notebooks,,,
8F3H5AA,8F3H5AA#ABA,Poly ATA 402 2FXS Voice Port V,197497475807,1,76.62,134.95,NO,NO,HPI POLY,Headphones,Accessories,None,None,
21KV0008US,21KV0008US,TS P1 G7 ULT7 512G 11P,198153492732,5.3,2839.87,3049,NO,NO,Lenovo,Computers Notebooks,Notebook Workstations,Both,Long,WARNING: Cancer and Reproductive Harm - www.P65Warnings.ca.gov.
XP95203NCDYREFA,0005NXXX-SRC1225-1,PREV MAINT AC UNIT 12-25K BTU,123456789012,.01,1229.12,1920,NO,NO,Eaton,Power Protection,Warranties & Services,None,None,
T48314,T48314,"Tower Fan 48"" Brown Box",046013463692,13.3,65.99,169.99,YES,NO,Lasko Products,Home Environment,Fans,None,None,
PRMERTX4070SO12,PRIME-RTX4070S-O12G,PRIME RTX4070S O12G,197105650596,3.15,633.29,639.99,NO,NO,ASUS,Video & Sound Cards,Video Cards PCIe nVIDIA,BOTH,SHORT,WARNING: Cancer and Reproductive Harm - www.P65Warnings.ca.gov.
MAG255XFV,MAG255XFV,MAG255XFV,824142355640,11,113.91,139.99,YES,NO,MSI,Monitors,27-29 inch Class,BOTH,SHORT,WARNING: Cancer and Reproductive Harm - www.P65Warnings.ca.gov.
FPPNEUSTND,FPPNEUSTND,Single Monitor Stand,065030891868,8.35,65.23,76.99,YES,YES,Startech.com,Mounts & Brackets,Single Display Mounts,None,None,
BR1104FTAYS14T,BR1104FTA-YS14T,"11.6"" N150 4G 128G 11P",197105797079,6.37,338.71,409.99,NO,NO,ASUS Notebooks,Computers Notebooks,Notebooks,Both,Short,WARNING: Cancer and Reproductive Harm - www.P65Warnings.ca.gov.
8F3R2AA,8F3R2AA,PLY Edge E300/320/350 WMB,197497476965,3,31.9,40.65,NO,NO,HPI POLY,VoIP,Accessories,None,None,
21KV000AUS,21KV000AUS,TS P1 G7 ULT7 64G 2T 11P,198153494248,6.85,3683.77,4069,YES,NO,Lenovo,Computers Notebooks,Notebook Workstations,BOTH,LONG,WARNING: Cancer and Reproductive Harm - www.P65Warnings.ca.gov.
00383C2G,00383,2FT CAT5E SNAGLESS PATCH GRY,757120003830,.05,1.61,2.99,NO,NO,C2G,Cables Computer & AV,Network Cat 5 Patch,Both,Short,WARNING: Cancer and Reproductive Harm - www.P65Warnings.ca.gov.
T49AE20,T49AE20,Ultrachrome PRO6 Gry Crtrdg,010343956117,.45,57.41,69,NO,NO,Epson America Print,Printers Inkjet,Inkjet Cartridges,None,None,
PROA520MIICSM,PROA520M-CIICSM,PRO A520MC II CSM,195553250092,1.95,76.77,92.99,NO,NO,ASUS,Motherboards,Mini-ITX,None,None,
MAG271QPXQDOLE2,MAG 271QPX QD-OLED E2,MAG 271QPX QD OLED E2,824142354070,25.1,561.62,699.99,NO,NO,MSI,Monitors,27-29 inch Class,BOTH,SHORT,WARNING: Cancer and Reproductive Harm - www.P65Warnings.ca.gov.
FPR1010ASAK9,FPR1010-ASA-K9,Firepower 1010 ASA Appliance,889728235372,6.35,879.31,1413.55,YES,YES,Cisco Systems,Network Security,Firewalls/UTM/VPN,None,None,
BR1104FTAYS24T,BR1104FTA-YS24T,"11.6"" N250 8G 128G 11P",197105797086,6.37,428.96,519.99,NO,NO,ASUS Notebooks,Computers Notebooks,Notebooks,Both,Short,WARNING: Cancer and Reproductive Harm - www.P65Warnings.ca.gov.
8F3R9AA,8F3R9AA,PLY CCX EM60 EM,197497476897,1,173.57,225.95,NO,NO,HPI POLY,VoIP,SIP IP Phones,None,None,
21KV000JUS,21KV000JUS,TS P1 G7 ULT7 32G 1T 11P,198153487738,5.3,3712.13,4039,NO,NO,Lenovo,Computers Notebooks,Notebooks,Both,Long,WARNING: Cancer and Reproductive Harm - www.P65Warnings.ca.gov.
00385C2G,00385,6FTCAT5E SNAGLESS UTPCABLEG,757120003854,.1,2.26,4.99,NO,NO,C2G,Cables Computer & AV,Network Cat 5 Patch,Both,Short,WARNING: Cancer and Reproductive Harm - www.P65Warnings.ca.gov.
T502120BCS,T502120-BCS,EPSON T502 Dye Color Black and,010343935136,1.2,62.84,66.95,YES,NO,Epson America Print,Printers Inkjet,Inkjet Cartridges,None,None,
PROA620ME,PROA620ME,PRO A620ME,824142322406,1.8,72.61,74.99,NO,NO,MSI,Motherboards,"Socket AM1,3,4 and 5 Boards",Both,Short,WARNING: Cancer and Reproductive Harm - www.P65Warnings.ca.gov.
MAG271QPXQDOLED,MAG271QPXQDOLED,MAG 271QPX QD-OLED,824142341063,22.2,662.18,749.99,YES,YES,MSI,Monitors,27-29 inch Class,Both,Short,WARNING: Cancer and Reproductive Harm - www.P65Warnings.ca.gov.
FPR1010EASAK9,FPR1010E-ASA-K9,Firepower 1010E ASA Non-PoE,889728532495,6,879.31,1413.55,NO,NO,Cisco Systems,Network Security,Firewalls/UTM/VPN,None,None,
BR1204CGAYS14,BR1204CGA-YS14,"12.2"" N100 4G 128G W11P",197105418202,5.1,322.57,419.99,YES,YES,ASUS Notebooks,Computers Notebooks,Notebooks,,,
8F3T8AA,8F3T8AA,PLY Edge E EM WMB,197497481549,2,31.9,40.65,NO,NO,HPI POLY,VoIP,SIP IP Phones,None,None,
21KV000PUS,21KV000PUS,TS P1 G7 ULT7 32G 1T 11P,198153491124,6.75,2729.17,3329,YES,NO,Lenovo,Computers Notebooks,Notebook Workstations,BOTH,LONG,WARNING: Cancer and Reproductive Harm - www.P65Warnings.ca.gov.
00392CTG,00392,2' CAT5E Snagless Patch Blue,757120003922,.05,1.51,2.99,NO,NO,C2G,Cables Computer & AV,Network Cat 5 Patch,Both,Short,WARNING: Cancer and Reproductive Harm - www.P65Warnings.ca.gov.
T502120S,T502120-S,Pigment Black Ink Bottle Sensr,010343935082,.5,20.86,21.99,YES,YES,Epson America Print,Printers Inkjet,Inkjet Cartridges,None,None,
PROARTA1,A1,ProArt A1,192876816141,18.3,1224.31,1299,YES,NO,ASUS,Projectors,Laser Light Source,None,None,
MAG274CQF,MAG274CQF,MAG 274CQF,824142372753,13.4,174.18,179.99,YES,NO,MSI,Monitors,27-29 inch Class,Both,Short,WARNING: Cancer and Reproductive Harm - www.P65Warnings.ca.gov.
FPR1010NGFWK9,FPR1010-NGFW-K9,Firepower 1010 NGFW Appliance,889728192620,6.1,879.31,1413.55,YES,YES,Cisco Systems,Network Security,Firewalls/UTM/VPN,None,None,
BR1204CGAYS14T,BR1204CGA-YS14T,"12.2"" Intel N100 4G 128G Win11",197105418196,5.34,372.48,479.99,NO,NO,ASUS Notebooks,Computers Notebooks,Notebooks,None,None,
8F806UTEXCESS,8F806UT#ABA,EXCESS 865 G10 R7 16G 512G,197497464191,6.3,821.37,1719,YES,YES,HP Commercial Remarketing,Computers Notebooks,Notebooks,None,None,
21KV000UUS,21KV000UUS,TS P1 G7 ULT7 165H 32G 1T 11P,198153486441,5.3,3072.71,3299,NO,NO,Lenovo,Computers Notebooks,Notebook Workstations,Both,Long,WARNING: Cancer and Reproductive Harm - www.P65Warnings.ca.gov.
00394,00394,6' CAT5E Snagless UTP Cbl Blue,757120003946,.15,2.26,4.99,NO,NO,C2G,Cables Computer & AV,Network Cat 5 Patch,Both,Short,WARNING: Cancer and Reproductive Harm - www.P65Warnings.ca.gov.
T502220S,T502220-S,Pigment Cyan Ink Bottle Sensr,010343935099,.25,14.37,14.99,YES,YES,Epson America Print,Printers Inkjet,Inkjet Cartridges,None,None,
PROARTB660CRED4,PROARTB660-CREATORD4,PROART B660 CREATOR D4,195553518512,4.2,208.43,219.99,YES,NO,ASUS,Motherboards,LGA1700 & 1851 Boards,Both,Short,WARNING: Cancer and Reproductive Harm - www.P65Warnings.ca.gov.
MAG274CXF,MAG274CXF,MAG 274CXF,824142372722,13.4,143.31,169.99,YES,NO,MSI,Monitors,27-29 inch Class,Both,Short,WARNING: Cancer and Reproductive Harm - www.P65Warnings.ca.gov.
FPR1120ASAK9,FPR1120-ASA-K9,Firepower 1120 ASA Appliance,889728192590,11.8,3444.11,5565.53,YES,YES,Cisco Systems,Network Security,Firewalls/UTM/VPN,None,None,
BR1204CTAYS14,BR1204CTA-YS14,"12.2"" N150 4G 128G 11P",197105904149,6.37,318.54,389.99,NO,NO,ASUS Notebooks,Computers Notebooks,Notebooks,Both,Short,WARNING: Cancer and Reproductive Harm - www.P65Warnings.ca.gov.
8F811UTEXCESS,8F811UT#ABA,EXCESS EB 865 G10 R5 16G 256G,197497464375,6.65,698.01,1539,NO,NO,HP Commercial Remarketing,Computers Notebooks,Notebooks,None,None,
21KV000VUS,21KV000VUS,TS P1 G7 ULT9 185H 64G 2T 11P,198153488711,2.5,4376.69,4699,NO,NO,Lenovo,Computers Notebooks,Notebook Workstations,BOTH,LONG,WARNING: Cancer and Reproductive Harm - www.P65Warnings.ca.gov.
00398,00398,20' CAT5E SnaglessPatchBlue,757120003984,.4,4.75,9.99,NO,NO,C2G,Cables Computer & AV,Network Cat 5 Patch,Both,Short,WARNING: Cancer and Reproductive Harm - www.P65Warnings.ca.gov.
T502320S,T502320-S,Pigment Magenta Ink Bottle Sen,010343935105,.25,14.37,14.99,YES,YES,Epson America Print,Printers Inkjet,Inkjet Cartridges,None,None,
PROARTLC420,PROARTLC420,PROART LC 420,197105367630,7,257.88,269.99,NO,NO,ASUS,CPUs,Cooling (fans & heatsinks),BOTH,SHORT,WARNING: Cancer and Reproductive Harm - www.P65Warnings.ca.gov.
MAG274QRFQDE2,MAG274QRFQDE2,MAG274QRF QD E2,824142333549,19.15,236.22,279.99,YES,YES,MSI,Monitors,27-29 inch Class,Both,Short,WARNING: Cancer and Reproductive Harm - www.P65Warnings.ca.gov.
FPR1120NGFWK9,FPR1120-NGFW-K9,Firepower 1120 NGFW Appliance,889728192583,12.3,3444.11,5565.53,YES,YES,Cisco Systems,Network Security,Firewalls/UTM/VPN,None,None,
BR1204CTAYS24T,BR1204CTA-YS24T,"12.2"" N250 8G 128G 11P",197105797093,6.37,428.96,519.99,NO,NO,ASUS Notebooks,Computers Notebooks,Notebooks,Both,Short,WARNING: Cancer and Reproductive Harm - www.P65Warnings.ca.gov.
8F821UTEXCESS,8F821UT#ABA,EXCESS EB 845 G10 R5 16G 256G,197497477603,5,615.77,1489,YES,YES,HP Commercial Remarketing,Computers Notebooks,Notebooks,None,None,
21KV001FUS,21KV001FUS,TS P1 G7 ULT7 32G 1T 11P,198153492497,5.3,3016.83,3239,NO,NO,Lenovo,Computers Notebooks,Notebook Workstations,Both,Long,WARNING: Cancer and Reproductive Harm - www.P65Warnings.ca.gov.
00401C2G,00401,2FTCAT5E SNAGLESS UTP CABLE-B,757120004011,.2,1.61,2.99,NO,NO,C2G,Cables Computer & AV,Network Cat 5 Patch,Both,Short,WARNING: Cancer and Reproductive Harm - www.P65Warnings.ca.gov.
T502420S,T502420-S,Pigment Yellow Ink Bottle Sens,010343935112,.25,14.37,14.99,YES,YES,Epson America Print,Printers Inkjet,Inkjet Cartridges,None,None,
PROARTRTX4060O8,PROART-RTX4060-O8G,PROART-RTX4060-O8G,197105299412,3.45,356.8,369.99,NO,NO,ASUS,Video & Sound Cards,Video Cards PCIe nVIDIA,Both,Short,WARNING: Cancer and Reproductive Harm - www.P65Warnings.ca.gov.
MAG274QRFW,MAG274QRFW,MAG 274QRFW,824142341483,17.9,220.49,249.99,YES,YES,MSI,Monitors,27-29 inch Class,Both,Short,WARNING: Cancer and Reproductive Harm - www.P65Warnings.ca.gov.
FPR1140ASAK9,FPR1140-ASA-K9,Firepower 1140 ASA Appliance,889728192613,12.25,5742.73,9280.01,NO,NO,Cisco Systems,Network Security,Firewalls/UTM/VPN,None,None,
BR1204FGAYS14TS,BR1204FGA-YS14T-S,"12.2"" Intel N100 4G 128G 11P",197105418080,5.38,391.47,509.99,NO,NO,ASUS Notebooks,Computers Notebooks,Notebooks,NONE,NONE,
8F824UTEXCESS,8F824UT#ABA,EXCESS EB 845 G10 R7 16G 512G,197497477528,5.05,769.97,1699,NO,NO,HP Commercial Remarketing,Computers Notebooks,Notebooks,None,None,
21KX001VUS,21KX001VUS,TS P16v G2 ULT7 16G 512G 11P,198153181186,8.35,1624.07,2219,YES,YES,Lenovo,Computers Notebooks,Notebook Workstations,BOTH,LONG,WARNING: Cancer and Reproductive Harm - www.P65Warnings.ca.gov.
00402C2G,00402,4FT CAT5E SNAGLES PATCH BLK,757120004028,.25,1.89,3.99,NO,NO,C2G,Cables Computer & AV,Network Cat 5 Patch,Both,Short,WARNING: Cancer and Reproductive Harm - www.P65Warnings.ca.gov.
T502520S,T502520-S,Dye Cmy Ink Bottle Combo Snsor,010343935129,.8,42.65,44.95,YES,NO,Epson America Print,Printers Inkjet,Inkjet Cartridges,None,None,
PROARTX870ECREA,ProArtX870E-CREATORWIFI,ProArt X870ECREATOR WIFI,197105730779,5.8,455.11,479.99,NO,NO,ASUS,Motherboards,"Socket AM1,3,4 and 5 Boards",Both,Short,WARNING: Cancer and Reproductive Harm - www.P65Warnings.ca.gov.
MAG274UPFE2,MAG274UPFE2,MAG274UPFE2,824142341568,19.5,341.2,399.99,YES,NO,MSI,Monitors,27-29 inch Class,BOTH,SHORT,WARNING: Cancer and Reproductive Harm - www.P65Warnings.ca.gov.
FPR1140NGFWK9,FPR1140-NGFW-K9,Firepower 1140 NGFW Appliance,889728192606,12,5742.73,9280.01,NO,NO,Cisco Systems,Network Security,Firewalls/UTM/VPN,None,None,
BR1204FGAYS24TS,BR1204FGA-YS24T-S,"12.2"" Intel N200 8G 128G 11P",197105418073,5.35,448.36,579.99,YES,NO,ASUS Notebooks,Computers Notebooks,Notebooks,NONE,NONE,
8F825UTEXCESS,8F825UT#ABA,EXCESS EB 845 G10 R7 32G 512G,197497477504,5,821.37,1879,NO,NO,HP Commercial Remarketing,Computers Notebooks,Notebooks,NONE,NONE,
21KX001YUS,21KX001YUS,TS P16v G2 ULT9 32G 1T 11P,198153189908,8.3,3864.42,4149,NO,NO,Lenovo,Computers Notebooks,Notebook Workstations,NONE,NONE,
00403,00403,6' CAT5E Snagless Patch Black,757120004035,.1,2.26,4.99,NO,NO,C2G,Cables Computer & AV,Network Cat 5 Patch,Both,Short,WARNING: Cancer and Reproductive Harm - www.P65Warnings.ca.gov.
T50LF20,T50LF20,ULTRCHRM XD3 Red Crtr700ML,010343956179,2.3,214.12,294,YES,NO,Epson America Print,Printers Inkjet,Inkjet Cartridges,None,None,
PROARTZ690CREAT,PROARTZ690-CREATORWIFI,PROARTZ690CREATORWIFI,195553460736,5.3,423.23,449.99,NO,NO,ASUS,Motherboards,LGA1700 & 1851 Boards,None,None,
MAG274URFW,MAG274URFW,MAG 274URFW,824142346365,19.4,361.99,409.99,YES,NO,MSI,Monitors,27-29 inch Class,BOTH,SHORT,WARNING: Cancer and Reproductive Harm - www.P65Warnings.ca.gov.
FPR1150ASAK9,FPR1150-ASA-K9,Firepower 1150 ASA App,889728222655,12.55,10908.44,17737.37,NO,NO,Cisco Systems,Network Security,Firewalls/UTM/VPN,None,None,
BR1204FTAYS14T,BR1204FTA-YS14T,"12.2"" N150 4G 128G 11P",197105904156,6.37,368.44,449.99,NO,NO,ASUS Notebooks,Computers Notebooks,Notebooks,Both,Short,WARNING: Cancer and Reproductive Harm - www.P65Warnings.ca.gov.
8F8A4UARREF,8F8A4UAR#ABA,REFURB EB 845 G10 R7 64G 1T,197961865493,4.8,615.77,1469,NO,NO,HP Commercial Remarketing,Computers Notebooks,Notebooks,NONE,NONE,
21KX0020US,21KX0020US,TS P16v G2 ULT7 32G 1T 11P,198153183883,5.3,3259,3499,NO,NO,Lenovo,Computers Notebooks,Notebook Workstations,Both,Long,WARNING: Cancer and Reproductive Harm - www.P65Warnings.ca.gov.
00407C2G,00407,20FT CAT5E SNAGLESUTP CABLE,757120004073,.4,4.75,9.99,NO,NO,C2G,Cables Computer & AV,Network Cat 5 Patch,Both,Short,WARNING: Cancer and Reproductive Harm - www.P65Warnings.ca.gov.
T522120S,T522120-S,T522 Black Ink Btl Sensomatic,010343942011,.25,15.34,15.99,YES,YES,Epson America Print,Printers Inkjet,Inkjet Cartridges,None,None,
PROARTZ890CREAT,PROART Z890-CREATOR WIFI,PROART Z890-CREATOR WIFI,197105766167,5,463.91,489.99,NO,NO,ASUS,Motherboards,LGA1700 & 1851 Boards,Both,Short,WARNING: Cancer and Reproductive Harm - www.P65Warnings.ca.gov.
MAG275CQRFQDE2,MAG275CQRFQDE2,MAG 275CQRF QD E2,824142354766,18.3,236.22,279.99,NO,NO,MSI,Monitors,27-29 inch Class,Both,Short,WARNING: Cancer and Reproductive Harm - www.P65Warnings.ca.gov.
FPR1150NGFWK9,FPR1150-NGFW-K9,Cisco Firepower 1150 NGFW App,889728222648,12.4,10908.44,17737.37,NO,NO,Cisco Systems,Network Security,Firewalls/UTM/VPN,None,None,
BR1204FTAYS24TS,BR1204FTA-YS24T-S,"12.2"" N250 8G 128G 11P",197105797109,6.37,471.91,569.99,NO,NO,ASUS Notebooks,Computers Notebooks,Notebooks,Both,Short,WARNING: Cancer and Reproductive Harm - www.P65Warnings.ca.gov.
8F8B4UTEXCESS,8F8B4UT#ABA,EXCESS ZB PWR G10 R7 16G 512G,197029148179,6.5,1129.77,2199,NO,NO,HP Commercial Remarketing,Computers Notebooks,Notebook Workstations,None,None,
21KX0021US,21KX0021US,TS P16v G2 ULT7 16G 512G 11P,198153189670,8.2,1954.05,2429,NO,NO,Lenovo,Computers Notebooks,Notebook Workstations,BOTH,LONG,WARNING: Cancer and Reproductive Harm - www.P65Warnings.ca.gov.
00412C2G,00412,6FT CAT5E BOOTED UTP GRN,757120004127,.15,2.26,4.99,NO,NO,C2G,Cables Computer & AV,Network Cat 5 Patch,Both,Short,WARNING: Cancer and Reproductive Harm - www.P65Warnings.ca.gov.
T522520S,T522520-S,T522 Clr Combo Ink Btl Sensmtc,010343942059,.75,45.01,47.95,YES,NO,Epson America Print,Printers Inkjet,Inkjet Cartridges,None,None,
PROB550MCCSM,PROB550M-C/CSM,PRO B550MC CSM AMD AM4,192876992333,2,79.31,99.99,NO,NO,ASUS,Motherboards,"Socket AM1,3,4 and 5 Boards",None,None,
MAG275F,MAG275F,MAG 275F,824142355732,14,134.49,149.99,YES,NO,MSI,Monitors,27-29 inch Class,BOTH,SHORT,WARNING: Cancer and Reproductive Harm - www.P65Warnings.ca.gov.
FPR1KDTPWRAC,FPR1K-DT-PWR-AC=,150W Power Adapter FPR-1010,889728196000,1.1,367.5,585.53,NO,NO,Cisco Systems,Network Security,Accessories,None,None,
BR1350MS,BR1350MS,BackUPSTower 16HR Rechge 120V,731304335399,29.2,213.85,249.99,NO,NO,APC by Schneider Electric,UPS Desktops,1100-1500 VA,Reproductive,Long,"WARNING: This product can expose you to chemicals including Bisphenol A, which is known to the State of California to cause birth defects or other reproductive harm. For more information go to www.P65Warnings.ca.gov."
8F8B4UTRREF,8F8B4UTR#ABA,REFURB ZB PWR G10 R7 16G 512G,197961600599,6.4,718.57,2199,NO,NO,HP Commercial Remarketing,Computers Notebooks,Notebook Workstations,NONE,NONE,
21KX0022US,21KX0022US,TS P16v G2 ULT9 96G 2T 11P,198153362523,5.3,4451.2,4779,NO,NO,Lenovo,Computers Notebooks,Notebook Workstations,NONE,NONE,
00674C2G,00674,3FT CAT6A BOOTED STP BLU,757120006749,.12,9.09,18.99,NO,NO,C2G,Cables Computer & AV,Network Cat 6 Patch,Both,Short,WARNING: Cancer and Reproductive Harm - www.P65Warnings.ca.gov.
T53E120,T53E120,Utrchrm Pro6 Photo Blk Ink,010343967168,4.7,424.96,570,NO,NO,Epson America Print,Printers Inkjet,Inkjet Cartridges,None,None,
PROB650SWIFI,PRO B650-S WIFI,PRO B650 S WIFI,824142336267,3.25,132.4,159.99,YES,NO,MSI,Motherboards,"Socket AM1,3,4 and 5 Boards",BOTH,SHORT,WARNING: Cancer and Reproductive Harm - www.P65Warnings.ca.gov.
MAG275QF,MAG275QF,MAG 275QF,824142360576,13.4,171.97,189.99,YES,NO,MSI,Monitors,27-29 inch Class,BOTH,SHORT,WARNING: Cancer and Reproductive Harm - www.P65Warnings.ca.gov.
FPR1KDTRACKMNT,FPR1K-DT-RACK-MNT=,Firepower 1K Series,889728196079,19.75,260.95,414.01,YES,NO,Cisco Systems,Network Security,Firewalls/UTM/VPN,None,None,
BR1402CGAYS24,BR1402CGA-YS24,"14"" Intel N200 8G 128G Win11P",197105229402,5.7,424.72,499.99,NO,NO,ASUS Notebooks,Computers Notebooks,Notebooks,NONE,NONE,
8F8B5UTEXCESS,8F8B5UT#ABA,EXCESS ZB PWR G10 R7 32G 1T,197029148032,6.4,1098.93,2449,NO,NO,HP Commercial Remarketing,Computers Notebooks,Notebook Workstations,None,None,
21KX002AUS,21KX002AUS,TS P16v G2 ULT9 64G 2T 11P,198153362738,2.5,4245.2,4619,NO,NO,Lenovo,Computers Notebooks,Notebook Workstations,BOTH,LONG,WARNING: Cancer and Reproductive Harm - www.P65Warnings.ca.gov.
00676C2G,00676,5FT CAT6A BOOTED STP BLU,757120006763,.16,9.14,18.99,NO,NO,C2G,Cables Computer & AV,Network Cat 6 Patch,Both,Short,WARNING: Cancer and Reproductive Harm - www.P65Warnings.ca.gov.
T53E220,T53E220,Utrchrm Pro6 Photo Cyan Ink,010343967175,4.7,424.96,570,NO,NO,Epson America Print,Printers Inkjet,Inkjet Cartridges,None,None,
PROB660MCD4CSMS,PROB660M-CD4-CSM-SI,PRO B660M C D4 CSM SI,195553509442,1.98,121.56,129.99,NO,NO,ASUS,Motherboards,LGA1700 & 1851 Boards,Both,Short,WARNING: Cancer and Reproductive Harm - www.P65Warnings.ca.gov.
MAG276CXF,MAG276CXF,MAG 276CXF,824142367940,14.3,143.31,169.99,YES,NO,MSI,Monitors,27-29 inch Class,Both,Short,WARNING: Cancer and Reproductive Harm - www.P65Warnings.ca.gov.
FPR1KDTWALLMNT,FPR1K-DT-WALL-MNT=,Firepower 1K Series Wall Mount,889728195997,1,55.92,88.72,NO,NO,Cisco Systems,Network Security,Firewalls/UTM/VPN,None,None,
BR1402FGAYS24T,BR1402FGA-YS24T,"14"" Intel N200 8G 128G Win11P",197105229419,5.65,489.85,579.99,NO,NO,ASUS Notebooks,Computers Notebooks,Notebooks,NONE,NONE,
8F8B6UTEXCESS,8F8B6UT#ABA,EXCESS ZB PWR G10 R7 32G 1T,197029147929,6.55,1160.61,2599,NO,NO,HP Commercial Remarketing,Computers Notebooks,Notebook Workstations,None,None,
21KX002CUS,21KX002CUS,TS P16v G2 ULT7 32G 1T 11P,198153362387,5.3,3259,3499,NO,NO,Lenovo,Computers Notebooks,Notebook Workstations,Both,Long,WARNING: Cancer and Reproductive Harm - www.P65Warnings.ca.gov.
00677C2G,00677,6FT CAT6A SNAGLESS STP CABLE-B,757120006770,.2,10.02,20.99,NO,NO,C2G,Cables Computer & AV,Network Cat 6 Patch,,,
T53E320,T53E320,Utrchrm Pro6 Photo Magnta Ink,010343967182,4.7,424.96,570,NO,NO,Epson America Print,Printers Inkjet,Inkjet Cartridges,None,None,
PROB760MAWID4,PROB760MAWID4,Intel PRO B760 DDR4 WIFI6,824142305973,2.95,164.13,169.99,YES,YES,MSI,Motherboards,LGA1700 & 1851 Boards,Both,Short,WARNING: Cancer and Reproductive Harm - www.P65Warnings.ca.gov.
MAG27C6F,MAG27C6F,MAG27C6F,824142352915,14,134.49,149.99,YES,NO,MSI,Monitors,27-29 inch Class,Both,Short,WARNING: Cancer and Reproductive Harm - www.P65Warnings.ca.gov.
FPR1KRMBRKT,FPR1K-RM-BRKT=,Firepower 1K Series RackMnt Br,889728196086,.25,74.56,118.29,NO,NO,Cisco Systems,Network Security,Firewalls/UTM/VPN,None,None,
BR1402FGAYS36TS,BR1402FGA-YS36T-S,"14"" i3 N305 16G 256G W11P",197105564268,6.6,674.6,819.99,NO,NO,ASUS Notebooks,Computers Notebooks,Notebooks,BOTH,SHORT,WARNING: Cancer and Reproductive Harm - www.P65Warnings.ca.gov.
8F8B7UTEXCESS,8F8B7UT#ABA,EXCESS ZB PWR G10 R5 16G 512G,197029147899,6.5,769.97,1649,NO,NO,HP Commercial Remarketing,Computers Notebooks,Notebook Workstations,None,None,
21KX002DUS,21KX002DUS,TS P16v G2 ULT7 96G 2T 11P,198153362776,5.3,4069.33,4369,NO,NO,Lenovo,Computers Notebooks,Notebook Workstations,NONE,NONE,
00678C2G,00678,7FT CAT6A SNAGLESS STP CABLE-B,757120006787,.2,10.81,22.99,NO,NO,C2G,Cables Computer & AV,Network Cat 6 Patch,,,
T53E420,T53E420,Utrchrm Pro6 Photo Yllw Ink,010343967199,4.75,424.96,570,NO,NO,Epson America Print,Printers Inkjet,Inkjet Cartridges,None,None,
PROB760MCTCSM,ProB760M-CT-CSM,Pro B760M CT CSM,197105019614,2.1,118.7,139.99,YES,YES,ASUS,Motherboards,LGA1700 & 1851 Boards,None,None,
MAG27C6X,MAG27C6X,MAG27C6X,824142350690,14.4,143.31,169.99,NO,NO,MSI,Monitors,27-29 inch Class,Both,Short,WARNING: Cancer and Reproductive Harm - www.P65Warnings.ca.gov.
FPR2110ASAK9,FPR2110-ASA-K9,EOL Firepower 2110 ASA App 1U,889728070171,21.3,8632.19,13978.22,NO,NO,Cisco Systems,Network Security,Firewalls/UTM/VPN,None,None,
BR1500G,BR1500G,1500VA Power Saving Back Pro,731304268772,29.7,268.22,309.99,YES,YES,APC by Schneider Electric,UPS Desktops,1100-1500 VA,Reproductive,Long,"WARNING: This product can expose you to chemicals including Bisphenol A, which is known to the State of California to cause birth defects or other reproductive harm. For more information go to www.P65Warnings.ca.gov."
8F8B8UT,8F8B8UT#ABA,15.6 ZBPG10A R7-7840HS 16G 512,197029147592,6.5,1119.47,1849,NO,NO,HP Commercial Specialty,Computers Notebooks,Notebook Workstations,None,None,
21KX002EUS,21KX002EUS,TS P16v G2 ULT7 32G 1T 11P,198153362509,8.3,2128.23,2729,YES,YES,Lenovo,Computers Notebooks,Notebook Workstations,BOTH,LONG,WARNING: Cancer and Reproductive Harm - www.P65Warnings.ca.gov.
00681C2G,00681,10FT CAT6A BOOTED STP BLU,757120006817,.32,14.94,30.99,NO,NO,C2G,Cables Computer & AV,Network Cat 6 Patch,Both,Short,WARNING: Cancer and Reproductive Harm - www.P65Warnings.ca.gov.
T53E720,T53E720,Utrchrm Pro6 Photo Gray Ink,010343967212,4.75,424.96,570,NO,NO,Epson America Print,Printers Inkjet,Inkjet Cartridges,None,None,
PROB760PWIFI,PROB760PWIFI,PRO B760 P WIFI,824142311899,3.2,182.73,189.99,NO,NO,MSI,Motherboards,LGA1700 & 1851 Boards,Both,Short,WARNING: Cancer and Reproductive Harm - www.P65Warnings.ca.gov.
MAG27CQ6F,MAG27CQ6F,MAG 27CQ6F,824142349779,20,174.18,179.99,YES,NO,MSI,Monitors,27-29 inch Class,BOTH,SHORT,WARNING: Cancer and Reproductive Harm - www.P65Warnings.ca.gov.
FPR2110NGFWK9,FPR2110-NGFW-K9,EOL Firepower 2110 NGFW 1U,882658988820,21.35,8632.19,13978.22,NO,NO,Cisco Systems,Network Security,Firewalls/UTM/VPN,None,None,
BR1500GI,BR1500GI,APC by SE Backups RS1500 230V,731304268741,30.05,518.86,599,NO,NO,APC by Schneider Electric,UPS Desktops,1100-1500 VA,Reproductive,Long,"WARNING: This product can expose you to chemicals including Bisphenol A, which is known to the State of California to cause birth defects or other reproductive harm. For more information go to www.P65Warnings.ca.gov."
8G7T7AA,8G7T7AA,Poly VOY SR 85 USB-C HS +USB-C,196786456633,.6,237.27,499.95,NO,NO,HPI POLY,Headphones,Mobile Headsets,None,None,
21KX002FUS,21KX002FUS,TS P16v G2 ULT7 64G 2T 11P,198153362547,5.3,3920.31,4209,NO,NO,Lenovo,Computers Notebooks,Notebook Workstations,Both,Long,WARNING: Cancer and Reproductive Harm - www.P65Warnings.ca.gov.
00682C2G,00682,12FT CAT6A SNAGLESS STP CABLE-,757120006824,.35,16.09,33.99,NO,NO,C2G,Cables Computer & AV,Network Cat 6 Patch,Both,Short,WARNING: Cancer and Reproductive Harm - www.P65Warnings.ca.gov.
T53E820,T53E820,Utrchrm Pro6 Photo Blk Ink,010343967205,4.7,424.96,570,NO,NO,Epson America Print,Printers Inkjet,Inkjet Cartridges,None,None,
PROB760PWIFID4,PROB760PWIFID4,Intel PRO B760 DDR4 WIFI6,824142306864,3.15,143.34,159.99,YES,NO,MSI,Motherboards,LGA1700 & 1851 Boards,Both,Short,WARNING: Cancer and Reproductive Harm - www.P65Warnings.ca.gov.
MAG27CQ6PF,MAG27CQ6PF,MAG 27CQ6PF,824142349922,15.9,184.1,189.99,YES,NO,MSI,Monitors,27-29 inch Class,Both,Short,WARNING: Cancer and Reproductive Harm - www.P65Warnings.ca.gov.
FPR2120NGFWK9,FPR2120-NGFW-K9,EOL Firepower  2120 NGFW 1U,882658988806,21.15,15633.33,25420.15,NO,NO,Cisco Systems,Network Security,Firewalls/UTM/VPN,None,None,
BR1500MS2,BR1500MS2,Back UPS PRO 1500VA,731304426103,31.1,254.47,299.99,YES,YES,APC by Schneider Electric,UPS Desktops,1100-1500 VA,Both,Long,"WARNING: This product can expose you to chemicals including Lead and Lead components, which is known to the State of California to cause cancer and birth defects or other reproductive harm. For more information go to www.P65Warnings.ca.gov."
8G7T8AA,8G7T8AA,PolyVOY SR85M USBC/A +CHS,196786456640,3,237.27,499.95,NO,NO,HPI POLY,Headphones,Mobile Headsets,None,None,
21KX002GUS,21KX002GUS,TS P16v G2 ULT9 32G 1T 11P,198153362189,8.3,2750.12,3589,YES,NO,Lenovo,Computers Notebooks,Notebook Workstations,BOTH,LONG,WARNING: Cancer and Reproductive Harm - www.P65Warnings.ca.gov.
00686C2G,00686,25FT CAT6A SNAGLESS STP CABLE-,757120006862,.74,23.99,49.99,NO,NO,C2G,Cables Computer & AV,Network Cat 6 Patch,,,
T53EM20,T53EM20,Utrchrm Pseries Starter Ink,010343969780,2,2547.6,3420,NO,NO,Epson America Print,Printers Inkjet,Inkjet Cartridges,None,None,
PROB760VCWIFIWT,PROB760VCWIFIWT,PRO B760-VC WIFI IV,824142358122,3.35,164.13,169.99,YES,NO,MSI,Motherboards,LGA1700 & 1851 Boards,Both,Short,WARNING: Cancer and Reproductive Harm - www.P65Warnings.ca.gov.
MAG321CUP,MAG321CUP,MAG 321CUP,824142344095,20.8,379.49,439.99,YES,NO,MSI,Monitors,30 inch Class and Above,BOTH,SHORT,WARNING: Cancer and Reproductive Harm - www.P65Warnings.ca.gov.
FPR2130NGFWK9,FPR2130-NGFW-K9,EOL Firepower 2130 NGFW App,882658988783,34,24155.62,39277.59,NO,NO,Cisco Systems,Network Security,Firewalls/UTM/VPN,None,None,
BR24BPG,BR24BPG,External Battery Pack,731304268789,28.4,189.68,219.99,YES,YES,APC by Schneider Electric,Power Protection,Battery Packs,Reproductive,Long,"WARNING: This product can expose you to chemicals including Bisphenol A, which is known to the State of California to cause birth defects or other reproductive harm. For more information go to www.P65Warnings.ca.gov."
8G7T9AA,8G7T9AA,Poly VOY SR 80 USB-C HS+USB-CA,196786453328,3,214.67,449.95,NO,NO,HPI POLY,Headphones,Office Headsets,None,None,
21KYS0XX00,21KYS0XX00,MC00008265 NB WS P16v ULT7 11D,198154907921,1,2031.74,2104.5,YES,NO,Lenovo,Computers Notebooks,Notebook Workstations,None,None,
00690C2G,00690,2FT CAT6A BOOTED UTP BLU,757120006909,.1,6.68,13.99,NO,NO,C2G,Cables Computer & AV,Network Cat 6 Patch,Both,Short,WARNING: Cancer and Reproductive Harm - www.P65Warnings.ca.gov.
T542120S,T542120-S,T542 Black Ink Btl Sensomatic,010343952409,.45,31.3,32.99,YES,YES,Epson America Print,Printers Inkjet,Inkjet Cartridges,None,None,
PROB840PWIFI,PROB840PWIFI,PRO B840 P WIFI,824142392973,3.5,154.28,159.99,YES,NO,MSI,Motherboards,LGA1700 & 1851 Boards,Both,Short,WARNING: Cancer and Reproductive Harm - www.P65Warnings.ca.gov.
MAG321CUPQDOLED,MAG321CUPQDOLED,MAG 321CUP QD-OLED,824142378748,28.65,757.7,849.99,YES,NO,MSI,Monitors,30 inch Class and Above,Both,Short,WARNING: Cancer and Reproductive Harm - www.P65Warnings.ca.gov.
FPR2KSLIDERAILS,FPR2K-SLIDE-RAILS=,EOL 2000 Slide Rail kit,882658934483,10.6,350.13,555.52,NO,NO,Cisco Systems,Network Security,Accessories,None,None,
BR277E3BMIPRX,UM.HB7AA.302,"Vero 27"" AG IPS Monitor",195133221948,23.55,170.87,239.99,YES,YES,Acer America Corp.,Monitors,27-29 inch Class,,,
8G7U0AA,8G7U0AA,Poly VOY SR 80 -M USB-C HS +US,196786453274,1.4,214.67,449.95,YES,NO,HPI POLY,Headphones,Office Headsets,None,None,
21L1001UUS,21L1001UUS,TS L14 G5 ULT5 16G 256G 11P,197530495274,2.5,1248.18,1299,NO,NO,Lenovo,Computers Notebooks,Notebooks,BOTH,LONG,WARNING: Cancer and Reproductive Harm - www.P65Warnings.ca.gov.
00691C2G,00691,3FT CAT6A UTP SNAGLESS BLUE,757120006916,.01,6.86,13.99,NO,NO,C2G,Cables Computer & AV,Network Cat 6 Patch,Both,Short,WARNING: Cancer and Reproductive Harm - www.P65Warnings.ca.gov.
T542220S,T542220-S,T542 Cyan Ink Btl Sensomatic,010343952416,.25,23.71,24.99,YES,YES,Epson America Print,Printers Inkjet,Inkjet Cartridges,None,None,
PROB850PWIFI,PROB850PWIFI,PRO B850 P WIFI,824142392607,3.8,192.58,199.99,NO,NO,MSI,Motherboards,LGA1700 & 1851 Boards,Both,Short,WARNING: Cancer and Reproductive Harm - www.P65Warnings.ca.gov.
MAG321UPQDOLED,MAG321UPQDOLED,MAG 321UP QD OLED,824142363720,27.5,759.88,829.99,YES,YES,MSI,Monitors,30 inch Class and Above,BOTH,SHORT,WARNING: Cancer and Reproductive Harm - www.P65Warnings.ca.gov.
FPR3110ASAK9,FPR3110-ASA-K9,Cisco SecFirewall 3110 ASA App,889728360531,35.45,27899.59,45225,NO,NO,Cisco Systems,Network Security,Firewalls/UTM/VPN,None,None,
BR700G,BR700G,700VA Back UPS,731304266792,17,141.2,169.99,YES,YES,APC by Schneider Electric,UPS Desktops,UP to 750 VA,Reproductive,Long,"WARNING: This product can expose you to chemicals including Bisphenol A, which is known to the State of California to cause birth defects or other reproductive harm. For more information go to www.P65Warnings.ca.gov."
8H2G3AAPOLY,8H2G3AA,Poly Voyager Surround 80 UC Mi,196548377831,1.95,287.52,349.99,YES,NO,HP Consumer,Headphones,Office Headsets,None,None,
21L10064US,21L10064US,TS L14 G5 ULT5 16G 512G 11P,198156805560,5.25,1321.65,1379,NO,NO,Lenovo,Computers Notebooks,Notebooks,,,
00693C2G,00693,5FT CAT6A UTP SNAGLESS BLUE,757120006930,.01,7.35,14.99,NO,NO,C2G,Cables Computer & AV,Network Cat 6 Patch,Both,Short,WARNING: Cancer and Reproductive Harm - www.P65Warnings.ca.gov.
T542420S,T542420-S,T542 Yellow Ink Btl Sensomatic,010343952430,.25,23.71,24.99,YES,NO,Epson America Print,Printers Inkjet,Inkjet Cartridges,None,None,
PROET700IW7B130,Pro-ET700I-W7-B-1300,Pro ET700I W7 B 1300,197105664579,45.95,1423.91,1599.99,NO,NO,ASUS,Computers Desktop,Workstations,Both,Short,WARNING: Cancer and Reproductive Harm - www.P65Warnings.ca.gov.
MAG321UPXQDOLED,MAG321UPXQDOLED,MAG 321UPX QD-OLED,824142341100,27.3,859.75,899.99,YES,YES,MSI,Monitors,30 inch Class and Above,Both,Short,WARNING: Cancer and Reproductive Harm - www.P65Warnings.ca.gov.
FPR3110NGFWK9,FPR3110-NGFW-K9,Cisco SecFirewall 3110NGFW App,889728360548,36.3,27899.59,45225,NO,NO,Cisco Systems,Network Security,Firewalls/UTM/VPN,None,None,
BRACKET,BRACKET,3.5 Universal HDD Bracket TAA,065030777155,.15,3.85,8.99,YES,NO,Startech.com,Hard Drives & SSD,Coolers & Accessories,Both,Short,WARNING: Cancer and Reproductive Harm - www.P65Warnings.ca.gov.
8IN1USBCDONGLE,104-1001P01,8 in 1 USB C Dongle,850001446099,.25,58.34,59.99,YES,NO,Mobile Pixels,Cables Computer & AV,USB Cables,None,None,
21L3001QUS,21L3001QUS,TS L16 G1 ULT7 16G 512G 11P,197530513084,6.35,1609.17,1679,NO,NO,Lenovo,Computers Notebooks,Notebooks,BOTH,LONG,WARNING: Cancer and Reproductive Harm - www.P65Warnings.ca.gov.
00694C2G,00694,6ft Cat6a Snagless Cable Blue,757120006947,.1,7.76,15.99,NO,NO,C2G,Cables Computer & AV,Network Cat 6 Patch,Both,Short,WARNING: Cancer and Reproductive Harm - www.P65Warnings.ca.gov.
T542520S,T542520-S,T542 Comco Ink Btl Sensomatic,010343952812,.8,70.35,74.95,NO,NO,Epson America Print,Printers Inkjet,Inkjet Cartridges,None,None,
PROH510MB,PROH510MB,PRO H510M B Motherboard,824142317358,1.45,62.71,64.99,NO,NO,MSI,Motherboards,LGA1700 & 1851 Boards,Both,Short,WARNING: Cancer and Reproductive Harm - www.P65Warnings.ca.gov.
MAG322UPF,MAG322UPF,MAG 322UPF,824142338629,29.8,371.83,499.99,NO,NO,MSI,Monitors,30 inch Class and Above,Both,Short,WARNING: Cancer and Reproductive Harm - www.P65Warnings.ca.gov.
FPR3120ASAK9,FPR3120-ASA-K9,Cisco SecFirewall 3120 ASA App,889728360555,63.5,40299.41,65325,NO,NO,Cisco Systems,Network Security,Firewalls/UTM/VPN,None,None,
BRACKET125PT,BRACKET125PT,"2.5"" SSD HDD Mount Brckt",065030866385,.15,4.9,9.99,YES,NO,Startech.com,Hard Drives & SSD,Coolers & Accessories,Both,Short,WARNING: Cancer and Reproductive Harm - www.P65Warnings.ca.gov.
8J3Y0AA,8J3Y0AA#ABA,Poly Voice Tube Assy Star Set,196548276844,1,5.83,11.15,NO,NO,HPI POLY,Headphones,Accessories,None,None,
21L3001VUS,21L3001VUS,TS L16 G1 ULT5 16G 256G 11P,197530510380,6.35,1248.18,1299,NO,NO,Lenovo,Computers Notebooks,Notebooks,Both,Long,WARNING: Cancer and Reproductive Harm - www.P65Warnings.ca.gov.
00695C2G,00695,7FT CAT6A SNAGLESS UTP CABLE-B,757120006954,.2,8.38,17.99,NO,NO,C2G,Cables Computer & AV,Network Cat 6 Patch,Both,Short,WARNING: Cancer and Reproductive Harm - www.P65Warnings.ca.gov.
T54X400,T54X400,EPSON UltraCRM HD Ylw 350ML,010343976818,1.5,116.42,149,YES,YES,Epson America Print,Printers Inkjet,Inkjet Cartridges,,,
PROH610MCTD4CSM,PROH610M-CTD4-CSM,PRO H610M CT D4 CSM,195553687652,2,105.27,109.99,YES,YES,ASUS,Motherboards,LGA1700 & 1851 Boards,Both,Short,WARNING: Cancer and Reproductive Harm - www.P65Warnings.ca.gov.
MAG325CQRFQDE2,MAG325CQRFQDE2,MAG 325CQRF QD  E2,824142364215,24.15,265.75,309.99,YES,NO,MSI,Monitors,30 inch Class and Above,Both,Short,WARNING: Cancer and Reproductive Harm - www.P65Warnings.ca.gov.
FPR3120NGFWK9,FPR3120-NGFW-K9,Cisco SecFirewall 3120NGFW App,889728360562,63,40299.41,65325,NO,NO,Cisco Systems,Network Security,Firewalls/UTM/VPN,None,None,
BRACKET125PTP,BRACKET125PTP,5 Pk SSD HDD Mntng Bracket,065030886581,.09,20.82,26.99,NO,NO,Startech.com,Mounts & Brackets,Single Display Mounts,None,None,
8J4D8AA,8J4D8AA#ABA,"27"" S7 Pro 727pq QHD MNTR",196548217311,21.1,385.4,429,YES,YES,HP Commercial Specialty,Monitors,27-29 inch Class,None,None,
21L3005EUS,21L3005EUS,TS L16 G1 ULT5 16G 512G 11P,198156805478,6.35,21.33,1379,NO,NO,Lenovo,Computers Notebooks,Notebooks,,,
00698C2G,00698,10FT CAT6A UTP SNAGLESS PATCH,757120006985,.3,9.14,18.99,NO,NO,C2G,Cables Computer & AV,Network Cat 6 Patch,Both,Short,WARNING: Cancer and Reproductive Harm - www.P65Warnings.ca.gov.
T54X500,T54X500,UltraCRM HD Cyan Ink 350 ML,010343976825,1.5,116.42,149,YES,NO,Epson America Print,Printers Inkjet,Inkjet Cartridges,None,None,
PROH610MGD4,PROH610MGD4,Intel H610 DDR4 64GB,824142278789,1.6,86.67,89.99,YES,YES,MSI,Motherboards,LGA1700 & 1851 Boards,Both,Short,WARNING: Cancer and Reproductive Harm - www.P65Warnings.ca.gov.
MAG325CQRXFE2,MAG325CQRXFE2,MAG 325CQRXF E2,824142371572,24,341.2,399.99,YES,NO,MSI,Monitors,30 inch Class and Above,Both,Short,WARNING: Cancer and Reproductive Harm - www.P65Warnings.ca.gov.
FPR3130ASAK9,FPR3130-ASA-K9,Cisco SecFirewall 3130 ASA App,889728360579,37.65,61999.09,100500,NO,NO,Cisco Systems,Network Security,Firewalls/UTM/VPN,Both,Short,WARNING: Cancer and Reproductive Harm - www.P65Warnings.ca.gov.
BRACKET225PT,BRACKET225PT,"Dual 2.5"" SSd Mnt Brckt Tless",065030862295,.15,6.25,11.99,YES,YES,Startech.com,Hard Drives & SSD,Coolers & Accessories,Both,Short,WARNING: Cancer and Reproductive Harm - www.P65Warnings.ca.gov.
8J4D8AAEXCESS,8J4D8AA#ABA,EXCESS 727PQ S7 Pro QHD MON,196548217311,20.3,276.53,429,YES,YES,HP Commercial Remarketing,Monitors,27-29 inch Class,None,None,
21L50002US,21L50002US,TS L14 R5P 7535U 16 256 11P,197530198755,2.5,1056,1099,NO,NO,Lenovo,Computers Notebooks,Notebooks,BOTH,LONG,WARNING: Cancer and Reproductive Harm - www.P65Warnings.ca.gov.
00700C2G,00700,14FT CAT6A BOOTED UTP BLU,757120007005,.35,13.84,28.99,NO,NO,C2G,Cables Computer & AV,Network Cat 6 Patch,Both,Short,WARNING: Cancer and Reproductive Harm - www.P65Warnings.ca.gov.
T552920S,T552920-S,T552 Dye Combo CMYPkGy Ink Btl,010343959545,1.25,93.3,99.95,NO,NO,Epson America Print,Printers Inkjet,Inkjet Cartridges,None,None,
PROH610MGD4WIFI,PROH610MGD4WIFI,Intel H610 DDR4 64GB,824142299081,1.85,85.57,99.99,YES,NO,MSI,Motherboards,LGA1700 & 1851 Boards,Both,Short,WARNING: Cancer and Reproductive Harm - www.P65Warnings.ca.gov.
MAG32C6X,MAG32C6X,MAG 32C6X,824142356647,18.6,162.05,189.99,NO,NO,MSI,Monitors,30 inch Class and Above,BOTH,SHORT,WARNING: Cancer and Reproductive Harm - www.P65Warnings.ca.gov.
FPR3130NGFWK9,FPR3130-NGFW-K9,Secure Firewall 3130 NGFW 1U,889728360586,38.35,61999.09,100500,NO,NO,Cisco Systems,Network Security,Firewalls/UTM/VPN,None,None,
BRACKET25SAT,BRACKET25SAT,HDD Bay Mounting Kit TAA,065030831093,.25,6.13,10.99,YES,YES,Startech.com,Hard Drives & SSD,Coolers & Accessories,Both,Short,WARNING: Cancer and Reproductive Harm - www.P65Warnings.ca.gov.
8J9E6AA,8J9E6AA#ABA,"27"" S7 Pro 727pu QHD TB4 MNTR",197497764642,22.75,472.74,529,YES,NO,HP Commercial Specialty,Monitors,27-29 inch Class,None,None,
21L70003US,21L70003US,TS L16 R7P 7735U 16G 11P,197530197611,2.5,1321.65,1379,NO,NO,Lenovo,Computers Notebooks,Notebooks,None,None,
00701C2G,00701,15FT CAT6A SNAGLESS UTP CABLE-,757120007012,.4,14.94,30.99,NO,NO,C2G,Cables Computer & AV,Network Cat 6 Patch,Both,Short,WARNING: Cancer and Reproductive Harm - www.P65Warnings.ca.gov.
T580400,T580400,Yellow UltraChrome Ink Cart.,010343858800,.35,75.09,89,YES,NO,Epson America Print,Printers Inkjet,Inkjet Cartridges,None,None,
PROH610TD4CSM,PROH610TD4-CSM,PRO H610T D4 CSM,195553679855,1.4,107.49,112.99,NO,NO,ASUS,Motherboards,LGA1700 & 1851 Boards,None,None,
MAG32CQ6F,MAG32CQ6F,MAG 32CQ6F,824142356722,18,220.91,229.99,NO,NO,MSI,Monitors,30 inch Class and Above,BOTH,SHORT,WARNING: Cancer and Reproductive Harm - www.P65Warnings.ca.gov.
FPR3140ASAK9,FPR3140-ASA-K9,Cisco SecFirewall 3140 ASA App,889728360593,37.8,72537.3,115575,NO,NO,Cisco Systems,Network Security,Firewalls/UTM/VPN,None,None,
BRACKET25X2,BRACKET25X2,"Dual 2.5"" HDD Mount BrktTAA",065030852593,.4,7.36,13.99,YES,YES,Startech.com,Hard Drives & SSD,Coolers & Accessories,Both,Short,WARNING: Cancer and Reproductive Harm - www.P65Warnings.ca.gov.
8J9E6AAEXCESS,8J9E6AA#ABA,EXCESS S7 Pro 727pu QHD MON,197497764642,22.25,307.37,529,YES,YES,HP Commercial Remarketing,Monitors,27-29 inch Class,None,None,
21L70005US,21L70005US,TS L16 R5P 7535U 16G 256G 11P,197530197970,5.3,1056,1099,NO,NO,Lenovo,Computers Notebooks,Notebooks,Both,Long,WARNING: Cancer and Reproductive Harm - www.P65Warnings.ca.gov.
00703C2G,00703,"25"" CAT6A SNGLSS BLUE",757120007036,.65,18.6,38.99,YES,YES,C2G,Cables Computer & AV,Network Cat 6 Patch,Both,Short,WARNING: Cancer and Reproductive Harm - www.P65Warnings.ca.gov.
T580700,T580700,Lt Black UltraChrome Ink,010343858831,.4,75.09,89,NO,NO,Epson America Print,Printers Inkjet,Inkjet Cartridges,None,None,
PROMP161E2U,ProMP161E2U,Pro MP161 E2U,824142356920,3.1,82.47,149.99,YES,NO,MSI,Monitors,22 inch Class and Below,Both,Short,WARNING: Cancer and Reproductive Harm - www.P65Warnings.ca.gov.
MAG341CQPQDOLED,MAG341CQPQDOLED,MAG 341CQP QD-OLED,824142337509,27.2,605.15,779.99,YES,YES,MSI,Monitors,30 inch Class and Above,Both,Short,WARNING: Cancer and Reproductive Harm - www.P65Warnings.ca.gov.
FPWARPS,FPWARPS,Full Motion TV Wall Mount TAA,065030879866,28,277.5,307.99,NO,NO,Startech.com,Mounts & Brackets,Single Display Mounts,Both,Short,WARNING: Cancer and Reproductive Harm - www.P65Warnings.ca.gov.
BRACKETFDBK,BRACKETFDBK,HDD Front Bay BrktAdapter TAA,065030820790,.3,5.2,9.99,YES,YES,Startech.com,Drive Enclosures,Accessories,Both,Short,WARNING: Cancer and Reproductive Harm - www.P65Warnings.ca.gov.
8J9E6UT,8J9E6UT#ABA,"27"" S7 Pro 727pu QHD TB4 MNTR",198415142955,22.7,493.29,529,NO,NO,HP Commercial Specialty,Monitors,27-29 inch Class,None,None,
21L92UT,21L92UT#ABA,"14"" mt46 R3-4450U 8GB",195122723644,1,872.98,1034,NO,NO,HP Commercial Specialty,Computers Notebooks,Notebooks,None,None,
00705C2G,00705,35FT CAT6A BOOTED UTP BLU,757120007050,.9,23.99,49.99,NO,NO,C2G,Cables Computer & AV,Network Cat 6 Patch,Both,Short,WARNING: Cancer and Reproductive Harm - www.P65Warnings.ca.gov.
T580900,T580900,Photo Lt Lt Blk UltraChromeInk,010343858855,.35,75.09,89,NO,NO,Epson America Print,Printers Inkjet,Inkjet Cartridges,None,None,
PROMP223,ProMP223,Pro MP223,824142340578,8.9,57.51,69.99,NO,NO,MSI,Monitors,22 inch Class and Below,Both,Short,WARNING: Cancer and Reproductive Harm - www.P65Warnings.ca.gov.
MAG341CQPXQDOLE,MAG 341CQPX QD-OLED,MAG 341CQPX QD OLED,824142354223,27.4,696.91,899.99,NO,NO,MSI,Monitors,30 inch Class and Above,BOTH,SHORT,WARNING: Cancer and Reproductive Harm - www.P65Warnings.ca.gov.
FPWARTB1M,FPWARTB1M,"TV Wall Mount Steel 22 to 55""",065030870375,7.55,77.43,90.99,YES,YES,Startech.com,Mounts & Brackets,Single Display Mounts,Both,Short,WARNING: Cancer and Reproductive Harm - www.P65Warnings.ca.gov.
BRG1000AVRLCD,BRG1000AVRLCD,1000VA AVR LCD 120V,649532618286,15.85,145.51,189.95,YES,YES,Cyberpower,UPS Desktops,751-1099 VA,Both,Long,"WARNING: This product can expose you to chemicals including Styrene, which is known to the State of California to cause cancer, and Bisphenol A (BPA), which is known to the State of California to cause birth defects or other reproductive harm. For more information go to www.P65Warnings.ca.gov."
8J9G2AA,8J9G2AA#ABA,"27"" S7 Pro 727pk 4K TB4 MNTR",197497766271,21.8,579.98,649,YES,YES,HP Commercial Specialty,Monitors,27-29 inch Class,None,None,
21LD000WUS,21LD000WUS,TS TB 14 IMH ULT5 16 512 11,198154343101,6.5,818.48,1169,YES,NO,Lenovo,Computers Notebooks,Notebooks,BOTH,LONG,WARNING: Cancer and Reproductive Harm - www.P65Warnings.ca.gov.
00711C2G,00711,6FT CAT6A SNAGLESS STP CABLE-B,757120007111,.1,10.02,20.99,NO,NO,C2G,Cables Computer & AV,Network Cat 6 Patch,,,
T580B00,T580B00,Vivid Light Magenta Ink Cart,010343873643,.35,75.09,89,NO,NO,Epson America Print,Printers Inkjet,Inkjet Cartridges,None,None,
PROMP2412,PROMP2412,"24"" VA PANEL 1920x1080 75Hz",824142320273,10.9,82.95,84.99,NO,NO,MSI,Monitors,23-26 inch Class,Both,Short,WARNING: Cancer and Reproductive Harm - www.P65Warnings.ca.gov.
MAG345CQR,MAG345CQR,MAG345CQR,824142339282,24.9,265.75,309.99,YES,NO,MSI,Monitors,30 inch Class and Above,Both,Short,WARNING: Cancer and Reproductive Harm - www.P65Warnings.ca.gov.
FPWARTB2,FPWARTB2,"TV Wall Mount Steel 32 to 70""",065030870368,16.8,179.05,197.99,YES,YES,Startech.com,Mounts & Brackets,Single Display Mounts,Both,Short,WARNING: Cancer and Reproductive Harm - www.P65Warnings.ca.gov.
BRG1500AVRLCD2,BRG1500AVRLCD2,1500VA/900W Mini-tower AVR UPS,649532933655,25.5,232.04,291.95,YES,YES,Cyberpower,UPS Desktops,1100-1500 VA,Both,Long,"WARNING: This product can expose you to chemicals including Styrene, which is known to the State of California to cause cancer, and Bisphenol A (BPA), which is known to the State of California to cause birth defects or other reproductive harm. For more information go to www.P65Warnings.ca.gov."
8JU62UT,8JU62UT,HP Pro Pen US,194441296976,.43,38.77,43,NO,NO,HP Business,Tablets,Accessories,None,None,
21LK002UUS,21LK002UUS,TS X12Det ULT7 32G 512G 11P,198153657285,2.5,1963.22,2079,NO,NO,Lenovo,Computers Notebooks,Notebook/Tablet 2-in-1,BOTH,LONG,WARNING: Cancer and Reproductive Harm - www.P65Warnings.ca.gov.
00715C2G,00715,10FT CAT6A SNAGLESS STP CABLE-,757120007159,.3,14.96,30.99,NO,NO,C2G,Cables Computer & AV,Network Cat 6 Patch,Both,Short,WARNING: Cancer and Reproductive Harm - www.P65Warnings.ca.gov.
T596100,T596100,HDR INK 350ML PHOTO BLACK,010343868397,1.65,144.21,198,YES,NO,Epson America Print,Printers Inkjet,Inkjet Cartridges,None,None,
PROMP2412W,ProMP2412W,PRO MP2412W,824142365144,10.47,97.32,99.99,NO,NO,MSI,Monitors,23-26 inch Class,BOTH,SHORT,WARNING: Cancer and Reproductive Harm - www.P65Warnings.ca.gov.
MAG401QR,MAG401QR,MAG401QR,824142292709,27.3,330.28,399.99,NO,NO,MSI,Monitors,30 inch Class and Above,Both,Short,WARNING: Cancer and Reproductive Harm - www.P65Warnings.ca.gov.
FPWARTS1,FPWARTS1,Full Motion TV Wall Mount,065030870337,31.35,155.44,174.99,YES,YES,Startech.com,Mounts & Brackets,Single Display Mounts,None,None,
BRK8,BRK8,8SP 14 RACK 18DEEP,656747002779,26.7,137.29,280,NO,NO,MID ATLANTIC LEGRAND AV INC,Server Products,Racks & Enclosures,Reproductive,Short,WARNING: Reproductive Harm - www.P65Warnings.ca.gov.
8K135AA,8K135AA#ABA,"27"" S7 Pro 727pm 4K Conf MNTR",197497774566,22.75,714.02,799,YES,NO,HP Commercial Specialty,Monitors,27-29 inch Class,None,None,
21LK002VUS,21LK002VUS,TS X12 G2 ULT7 16G 512G 11P,198153657117,4.2,1859.36,1969,NO,NO,Lenovo,Computers Notebooks,Notebook/Tablet 2-in-1,NONE,NONE,
00723C2G,00723,1FTCAT6A SNAGLESUTP CABLE-B,757120007234,.1,6.19,12.99,NO,NO,C2G,Cables Computer & AV,Network Cat 6 Patch,Both,Short,WARNING: Cancer and Reproductive Harm - www.P65Warnings.ca.gov.
T596200,T596200,HDR INK 305ML CYAN,010343868403,1.65,144.21,198,YES,NO,Epson America Print,Printers Inkjet,Inkjet Cartridges,None,None,
PROMP242AE2,PROMP242AE2,Pro MP242A E2,824142373552,10.6,101.75,104.99,YES,NO,MSI,Monitors,23-26 inch Class,Both,Short,WARNING: Cancer and Reproductive Harm - www.P65Warnings.ca.gov.
MAGA1000GLPCIE5,MAGA1000GLPCIE5,MAG A1000GL PCIE5,824142339763,7.6,158.24,179.99,YES,NO,MSI,Cases & Power Supplies,Power Supplies 600W & Over,BOTH,SHORT,WARNING: Cancer and Reproductive Harm - www.P65Warnings.ca.gov.
FPWARTS2,FPWARTS2,TV Wall Mount Full Motion,065030870344,41.6,219.2,241.99,YES,YES,Startech.com,Mounts & Brackets,Single Display Mounts,None,None,
BRNCHLOCK,BRNCHLOCK,Lptp CableLock Expnsn Loop TAA,065030881722,.2,8.32,13.99,NO,NO,Startech.com,Computers Notebooks,Security Accessories,None,None,
8K157AA,8K157AA#ABA,"34"" S7 Pro 734pm WQHD Conf MNT",197497775563,38.5,937.43,1049,YES,NO,HP Commercial Specialty,Monitors,30 inch Class and Above,None,None,
21LK002WUS,21LK002WUS,TS X12D G2 ULT5 16 512G 11P,198153657605,2.5,1677.28,1759,NO,NO,Lenovo,Computers Notebooks,Notebook/Tablet 2-in-1,Both,Long,WARNING: Cancer and Reproductive Harm - www.P65Warnings.ca.gov.
00724C2G,00724,2FT CAT6A BOOTED UTP BLK,757120007241,.08,6.68,13.99,NO,NO,C2G,Cables Computer & AV,Network Cat 6 Patch,Both,Short,WARNING: Cancer and Reproductive Harm - www.P65Warnings.ca.gov.
T596300,T596300,HDR INK 350ML VIVID MAGENTA,010343868410,1.7,144.21,198,YES,NO,Epson America Print,Printers Inkjet,Inkjet Cartridges,None,None,
PROMP243XP,ProMP243XP,PRO MP243XP,824142350508,15.1,86.27,99.99,YES,NO,MSI,Monitors,23-26 inch Class,BOTH,SHORT,WARNING: Cancer and Reproductive Harm - www.P65Warnings.ca.gov.
MAGA1000GLPCIEI,MAGA1000GLPCIE5II,MAG A1000GL PCIE5 II,824142377116,7.5,158.24,179.99,NO,NO,MSI,Cases & Power Supplies,Power Supplies 600W & Over,Both,Short,WARNING: Cancer and Reproductive Harm - www.P65Warnings.ca.gov.